"","vl","hl","index"
"1",127.0088365,37.4620102,1
"2",127.0088365,37.4741220333333,2
"3",127.0088365,37.4862338666667,3
"4",127.0088365,37.4983457,4
"5",127.0088365,37.5104575333333,5
"6",127.0088365,37.5225693666667,6
"7",127.0088365,37.5346812,7
"8",127.1237046,37.4620102,1
"9",127.1237046,37.4741220333333,2
"10",127.1237046,37.4862338666667,3
"11",127.1237046,37.4983457,4
"12",127.1237046,37.5104575333333,5
"13",127.1237046,37.5225693666667,6
"14",127.1237046,37.5346812,7
